CREATE TABLE sys_department (
    department_id BIGINT GENERATED BY DEFAULT AS IDENTITY PRIMARY KEY,
    department_code VARCHAR(50) NOT NULL UNIQUE,
    department_name VARCHAR(100) NOT NULL,
    parent_id BIGINT,
    region_code VARCHAR(50),
    status VARCHAR(20) NOT NULL,
    sort_no INT NOT NULL,
    created_at TIMESTAMP DEFAULT CURRENT_TIMESTAMP,
    updated_at TIMESTAMP DEFAULT CURRENT_TIMESTAMP
);

CREATE TABLE sys_role (
    role_id BIGINT GENERATED BY DEFAULT AS IDENTITY PRIMARY KEY,
    role_code VARCHAR(50) NOT NULL UNIQUE,
    role_name VARCHAR(50) NOT NULL,
    role_level VARCHAR(10) NOT NULL,
    data_scope VARCHAR(20) NOT NULL,
    description VARCHAR(255),
    status VARCHAR(20) NOT NULL,
    created_at TIMESTAMP DEFAULT CURRENT_TIMESTAMP,
    updated_at TIMESTAMP DEFAULT CURRENT_TIMESTAMP
);

CREATE TABLE sys_permission (
    permission_id BIGINT GENERATED BY DEFAULT AS IDENTITY PRIMARY KEY,
    permission_code VARCHAR(100) NOT NULL UNIQUE,
    permission_name VARCHAR(100) NOT NULL,
    module_name VARCHAR(100),
    permission_type VARCHAR(20) NOT NULL,
    status VARCHAR(20) NOT NULL,
    created_at TIMESTAMP DEFAULT CURRENT_TIMESTAMP,
    updated_at TIMESTAMP DEFAULT CURRENT_TIMESTAMP
);

CREATE TABLE sys_user (
    user_id BIGINT GENERATED BY DEFAULT AS IDENTITY PRIMARY KEY,
    username VARCHAR(50) NOT NULL UNIQUE,
    password_hash VARCHAR(255) NOT NULL,
    role_id BIGINT NOT NULL,
    department_id BIGINT,
    real_name VARCHAR(50),
    phone VARCHAR(20),
    status VARCHAR(20) NOT NULL,
    last_login_time TIMESTAMP,
    last_login_ip VARCHAR(50),
    created_at TIMESTAMP DEFAULT CURRENT_TIMESTAMP,
    updated_at TIMESTAMP DEFAULT CURRENT_TIMESTAMP,
    FOREIGN KEY (role_id) REFERENCES sys_role(role_id),
    FOREIGN KEY (department_id) REFERENCES sys_department(department_id)
);

CREATE TABLE sys_role_permission (
    role_id BIGINT NOT NULL,
    permission_id BIGINT NOT NULL,
    PRIMARY KEY (role_id, permission_id),
    FOREIGN KEY (role_id) REFERENCES sys_role(role_id),
    FOREIGN KEY (permission_id) REFERENCES sys_permission(permission_id)
);

CREATE TABLE operation_log (
    log_id BIGINT GENERATED BY DEFAULT AS IDENTITY PRIMARY KEY,
    user_id BIGINT,
    operation_type VARCHAR(50) NOT NULL,
    module_name VARCHAR(100),
    request_path VARCHAR(255),
    request_method VARCHAR(20),
    target_table VARCHAR(100),
    target_id VARCHAR(100),
    operation_time TIMESTAMP NOT NULL DEFAULT CURRENT_TIMESTAMP,
    ip_address VARCHAR(50),
    operation_result VARCHAR(50),
    error_message VARCHAR(500),
    user_agent VARCHAR(500),
    detail CLOB,
    FOREIGN KEY (user_id) REFERENCES sys_user(user_id)
);

INSERT INTO sys_department (department_id, department_code, department_name, region_code, status, sort_no)
VALUES (1, 'QUERY', '查询部门', '110000', 'ENABLED', 1),
       (2, 'POPULATION', '人口部门', '110000', 'ENABLED', 2),
       (3, 'SYSTEM', '系统管理部门', '110000', 'ENABLED', 3),
       (4, 'HOUSEHOLD', '户籍部门', '110000', 'ENABLED', 4),
       (5, 'APPROVAL', '审批部门', '110000', 'ENABLED', 5);

INSERT INTO sys_role (role_id, role_code, role_name, role_level, data_scope, status)
VALUES (1, 'QUERY_VIEWER', '查询统计人员', 'L1', 'DEPARTMENT', 'ENABLED'),
       (2, 'POPULATION_MANAGER', '人口信息管理人员', 'L2', 'REGION', 'ENABLED'),
       (3, 'SYSTEM_ADMIN', '系统管理员', 'L3', 'ALL', 'ENABLED'),
       (4, 'DISABLED_ROLE', '停用角色', 'L1', 'SELF', 'DISABLED'),
       (5, 'HOUSEHOLD_MANAGER', '户籍管理人员', 'L2', 'REGION', 'ENABLED'),
       (6, 'APPROVER', '审批人员', 'L3', 'REGION', 'ENABLED');

INSERT INTO sys_permission (permission_id, permission_code, permission_name, module_name, permission_type, status)
VALUES (1, 'population:view', '查看人口', 'POPULATION', 'API', 'ENABLED'),
       (2, 'population:edit', '编辑人口', 'POPULATION', 'API', 'ENABLED'),
       (3, 'log:view', '查看日志', 'LOG', 'API', 'ENABLED');

INSERT INTO sys_role_permission (role_id, permission_id)
VALUES (1, 1), (1, 3), (2, 1), (2, 2), (3, 1), (3, 2), (3, 3),
       (5, 1), (6, 1), (6, 2);

INSERT INTO sys_user (user_id, username, password_hash, role_id, department_id, real_name, status)
VALUES (1, 'viewer', '$2a$10$hqLjVyldvMDp7tlJcpkDZOaTT1dCAuSA5I7FgRfD/B7QXluT8ArB.', 1, 1, '查询统计人员', 'ENABLED'),
       (2, 'population', '$2a$10$hqLjVyldvMDp7tlJcpkDZOaTT1dCAuSA5I7FgRfD/B7QXluT8ArB.', 2, 2, '人口信息管理人员', 'ENABLED'),
       (3, 'admin', '$2a$10$hqLjVyldvMDp7tlJcpkDZOaTT1dCAuSA5I7FgRfD/B7QXluT8ArB.', 3, 3, '系统管理员', 'ENABLED'),
       (4, 'disabled', '$2a$10$hqLjVyldvMDp7tlJcpkDZOaTT1dCAuSA5I7FgRfD/B7QXluT8ArB.', 1, 1, '停用用户', 'DISABLED'),
       (5, 'disabled-role', '$2a$10$hqLjVyldvMDp7tlJcpkDZOaTT1dCAuSA5I7FgRfD/B7QXluT8ArB.', 4, 1, '停用角色用户', 'ENABLED'),
       (6, 'household', '$2a$10$hqLjVyldvMDp7tlJcpkDZOaTT1dCAuSA5I7FgRfD/B7QXluT8ArB.', 5, 4, '户籍管理人员', 'ENABLED'),
       (7, 'approver', '$2a$10$hqLjVyldvMDp7tlJcpkDZOaTT1dCAuSA5I7FgRfD/B7QXluT8ArB.', 6, 5, '审批人员', 'ENABLED');

CREATE TABLE residents (
    id BIGINT GENERATED BY DEFAULT AS IDENTITY PRIMARY KEY,
    name VARCHAR(50) NOT NULL,
    gender VARCHAR(20) NOT NULL,
    birth_date DATE NOT NULL,
    id_card_number VARCHAR(18) NOT NULL UNIQUE,
    phone_number VARCHAR(30),
    province VARCHAR(100),
    city VARCHAR(100),
    district VARCHAR(100),
    address VARCHAR(255),
    active BOOLEAN NOT NULL DEFAULT TRUE,
    created_at TIMESTAMP NOT NULL DEFAULT CURRENT_TIMESTAMP,
    updated_at TIMESTAMP NOT NULL DEFAULT CURRENT_TIMESTAMP
);

CREATE TABLE person (
    person_id BIGINT GENERATED BY DEFAULT AS IDENTITY PRIMARY KEY,
    name VARCHAR(50) NOT NULL,
    gender CHAR(1) NOT NULL,
    id_card VARCHAR(18) NOT NULL UNIQUE,
    birth_date DATE,
    ethnicity VARCHAR(30),
    phone VARCHAR(20),
    current_address VARCHAR(255),
    status VARCHAR(20) NOT NULL DEFAULT '正常',
    created_at TIMESTAMP NOT NULL DEFAULT CURRENT_TIMESTAMP,
    updated_at TIMESTAMP DEFAULT CURRENT_TIMESTAMP
);
