CREATE TABLE sys_department (
    department_id BIGINT GENERATED BY DEFAULT AS IDENTITY PRIMARY KEY,
    department_code VARCHAR(50) NOT NULL UNIQUE,
    department_name VARCHAR(100) NOT NULL,
    parent_id BIGINT,
    region_code VARCHAR(50),
    status VARCHAR(20) NOT NULL,
    sort_no INT NOT NULL,
    created_at TIMESTAMP DEFAULT CURRENT_TIMESTAMP,
    updated_at TIMESTAMP DEFAULT CURRENT_TIMESTAMP
);

CREATE TABLE sys_role (
    role_id BIGINT GENERATED BY DEFAULT AS IDENTITY PRIMARY KEY,
    role_code VARCHAR(50) NOT NULL UNIQUE,
    role_name VARCHAR(50) NOT NULL,
    role_level VARCHAR(10) NOT NULL,
    data_scope VARCHAR(20) NOT NULL,
    description VARCHAR(255),
    status VARCHAR(20) NOT NULL,
    created_at TIMESTAMP DEFAULT CURRENT_TIMESTAMP,
    updated_at TIMESTAMP DEFAULT CURRENT_TIMESTAMP
);

CREATE TABLE sys_permission (
    permission_id BIGINT GENERATED BY DEFAULT AS IDENTITY PRIMARY KEY,
    permission_code VARCHAR(100) NOT NULL UNIQUE,
    permission_name VARCHAR(100) NOT NULL,
    module_name VARCHAR(100),
    permission_type VARCHAR(20) NOT NULL,
    status VARCHAR(20) NOT NULL,
    created_at TIMESTAMP DEFAULT CURRENT_TIMESTAMP,
    updated_at TIMESTAMP DEFAULT CURRENT_TIMESTAMP
);

CREATE TABLE sys_user (
    user_id BIGINT GENERATED BY DEFAULT AS IDENTITY PRIMARY KEY,
    username VARCHAR(50) NOT NULL UNIQUE,
    password_hash VARCHAR(255) NOT NULL,
    role_id BIGINT NOT NULL,
    department_id BIGINT,
    real_name VARCHAR(50),
    phone VARCHAR(20),
    status VARCHAR(20) NOT NULL,
    last_login_time TIMESTAMP,
    last_login_ip VARCHAR(50),
    created_at TIMESTAMP DEFAULT CURRENT_TIMESTAMP,
    updated_at TIMESTAMP DEFAULT CURRENT_TIMESTAMP,
    FOREIGN KEY (role_id) REFERENCES sys_role(role_id),
    FOREIGN KEY (department_id) REFERENCES sys_department(department_id)
);

CREATE TABLE sys_role_permission (
    role_id BIGINT NOT NULL,
    permission_id BIGINT NOT NULL,
    PRIMARY KEY (role_id, permission_id),
    FOREIGN KEY (role_id) REFERENCES sys_role(role_id),
    FOREIGN KEY (permission_id) REFERENCES sys_permission(permission_id)
);

CREATE TABLE operation_log (
    log_id BIGINT GENERATED BY DEFAULT AS IDENTITY PRIMARY KEY,
    user_id BIGINT,
    operation_type VARCHAR(50) NOT NULL,
    module_name VARCHAR(100),
    request_path VARCHAR(255),
    request_method VARCHAR(20),
    target_table VARCHAR(100),
    target_id VARCHAR(100),
    operation_time TIMESTAMP NOT NULL DEFAULT CURRENT_TIMESTAMP,
    ip_address VARCHAR(50),
    operation_result VARCHAR(50),
    error_message VARCHAR(500),
    user_agent VARCHAR(500),
    detail CLOB,
    FOREIGN KEY (user_id) REFERENCES sys_user(user_id)
);

INSERT INTO sys_department (department_id, department_code, department_name, region_code, status, sort_no)
VALUES (1, 'QUERY', '查询部门', '110000', 'ENABLED', 1),
       (2, 'POPULATION', '人口部门', '110000', 'ENABLED', 2),
       (3, 'SYSTEM', '系统管理部门', '110000', 'ENABLED', 3),
       (4, 'HOUSEHOLD', '户籍部门', '110000', 'ENABLED', 4),
       (5, 'APPROVAL', '审批部门', '110000', 'ENABLED', 5);

INSERT INTO sys_role (role_id, role_code, role_name, role_level, data_scope, status)
VALUES (1, 'QUERY_VIEWER', '查询统计人员', 'L1', 'DEPARTMENT', 'ENABLED'),
       (2, 'POPULATION_MANAGER', '人口信息管理人员', 'L2', 'REGION', 'ENABLED'),
       (3, 'SYSTEM_ADMIN', '系统管理员', 'L3', 'ALL', 'ENABLED'),
       (4, 'DISABLED_ROLE', '停用角色', 'L1', 'SELF', 'DISABLED'),
       (5, 'HOUSEHOLD_MANAGER', '户籍管理人员', 'L2', 'REGION', 'ENABLED'),
       (6, 'APPROVER', '审批人员', 'L3', 'REGION', 'ENABLED');

INSERT INTO sys_permission (permission_id, permission_code, permission_name, module_name, permission_type, status)
VALUES (1, 'population:view', '查看人口', 'POPULATION', 'API', 'ENABLED'),
       (2, 'population:edit', '编辑人口', 'POPULATION', 'API', 'ENABLED'),
       (3, 'log:view', '查看日志', 'LOG', 'API', 'ENABLED');

INSERT INTO sys_role_permission (role_id, permission_id)
VALUES (1, 1), (1, 3), (2, 1), (2, 2), (3, 1), (3, 2), (3, 3),
       (5, 1), (6, 1), (6, 2);

INSERT INTO sys_user (user_id, username, password_hash, role_id, department_id, real_name, status)
VALUES (1, 'viewer', '$2a$10$hqLjVyldvMDp7tlJcpkDZOaTT1dCAuSA5I7FgRfD/B7QXluT8ArB.', 1, 1, '查询统计人员', 'ENABLED'),
       (2, 'population', '$2a$10$hqLjVyldvMDp7tlJcpkDZOaTT1dCAuSA5I7FgRfD/B7QXluT8ArB.', 2, 2, '人口信息管理人员', 'ENABLED'),
       (3, 'admin', '$2a$10$hqLjVyldvMDp7tlJcpkDZOaTT1dCAuSA5I7FgRfD/B7QXluT8ArB.', 3, 3, '系统管理员', 'ENABLED'),
       (4, 'disabled', '$2a$10$hqLjVyldvMDp7tlJcpkDZOaTT1dCAuSA5I7FgRfD/B7QXluT8ArB.', 1, 1, '停用用户', 'DISABLED'),
       (5, 'disabled-role', '$2a$10$hqLjVyldvMDp7tlJcpkDZOaTT1dCAuSA5I7FgRfD/B7QXluT8ArB.', 4, 1, '停用角色用户', 'ENABLED'),
       (6, 'household', '$2a$10$hqLjVyldvMDp7tlJcpkDZOaTT1dCAuSA5I7FgRfD/B7QXluT8ArB.', 5, 4, '户籍管理人员', 'ENABLED'),
       (7, 'approver', '$2a$10$hqLjVyldvMDp7tlJcpkDZOaTT1dCAuSA5I7FgRfD/B7QXluT8ArB.', 6, 5, '审批人员', 'ENABLED');

CREATE TABLE person (
    person_id BIGINT GENERATED BY DEFAULT AS IDENTITY PRIMARY KEY,
    name VARCHAR(50) NOT NULL,
    gender CHAR(1) NOT NULL,
    id_card VARCHAR(18) NOT NULL UNIQUE,
    birth_date DATE,
    ethnicity VARCHAR(30),
    phone VARCHAR(20),
    current_address VARCHAR(255),
    status VARCHAR(20) NOT NULL DEFAULT '正常',
    created_at TIMESTAMP NOT NULL DEFAULT CURRENT_TIMESTAMP,
    updated_at TIMESTAMP DEFAULT CURRENT_TIMESTAMP
);

CREATE TABLE household (
    household_id BIGINT GENERATED BY DEFAULT AS IDENTITY PRIMARY KEY,
    household_no VARCHAR(30) NOT NULL UNIQUE,
    head_person_id BIGINT,
    address VARCHAR(255) NOT NULL,
    establish_date DATE NOT NULL,
    status VARCHAR(20) NOT NULL,
    created_at TIMESTAMP DEFAULT CURRENT_TIMESTAMP,
    updated_at TIMESTAMP DEFAULT CURRENT_TIMESTAMP
);

CREATE TABLE business_application (
 application_id BIGINT GENERATED BY DEFAULT AS IDENTITY PRIMARY KEY, application_no VARCHAR(40) NOT NULL UNIQUE,
 business_type VARCHAR(50) NOT NULL,title VARCHAR(200) NOT NULL,applicant_user_id BIGINT NOT NULL,
 applicant_department_id BIGINT,applicant_region_code VARCHAR(20),target_person_id BIGINT,target_household_id BIGINT,
 status VARCHAR(30) NOT NULL,reason CLOB NOT NULL,remark VARCHAR(500),submitted_at TIMESTAMP,completed_at TIMESTAMP,
 version INT NOT NULL DEFAULT 0,created_at TIMESTAMP DEFAULT CURRENT_TIMESTAMP,updated_at TIMESTAMP DEFAULT CURRENT_TIMESTAMP,
 FOREIGN KEY(applicant_user_id) REFERENCES sys_user(user_id),FOREIGN KEY(applicant_department_id) REFERENCES sys_department(department_id)
);
CREATE TABLE application_material (
 material_id BIGINT GENERATED BY DEFAULT AS IDENTITY PRIMARY KEY,application_id BIGINT NOT NULL,material_type VARCHAR(50) NOT NULL,
 material_name VARCHAR(200) NOT NULL,original_filename VARCHAR(255) NOT NULL,stored_filename VARCHAR(255) NOT NULL,
 storage_path VARCHAR(500) NOT NULL,content_type VARCHAR(100) NOT NULL,file_size BIGINT NOT NULL,file_sha256 CHAR(64) NOT NULL,
 required_flag TINYINT NOT NULL,verify_status VARCHAR(30) NOT NULL,verify_user_id BIGINT,verify_comment VARCHAR(500),verified_at TIMESTAMP,
 uploaded_by BIGINT NOT NULL,created_at TIMESTAMP DEFAULT CURRENT_TIMESTAMP,updated_at TIMESTAMP DEFAULT CURRENT_TIMESTAMP,
 FOREIGN KEY(application_id) REFERENCES business_application(application_id),FOREIGN KEY(verify_user_id) REFERENCES sys_user(user_id),FOREIGN KEY(uploaded_by) REFERENCES sys_user(user_id)
);
CREATE TABLE sys_approval_request (
 approval_id BIGINT GENERATED BY DEFAULT AS IDENTITY PRIMARY KEY,approval_no VARCHAR(40) NOT NULL UNIQUE,application_id BIGINT NOT NULL UNIQUE,
 status VARCHAR(30) NOT NULL,current_approver_id BIGINT,current_department_id BIGINT,current_region_code VARCHAR(20),submitted_by BIGINT NOT NULL,
 submitted_at TIMESTAMP NOT NULL,decided_by BIGINT,decided_at TIMESTAMP,decision_comment VARCHAR(500),version INT NOT NULL DEFAULT 0,
 created_at TIMESTAMP DEFAULT CURRENT_TIMESTAMP,updated_at TIMESTAMP DEFAULT CURRENT_TIMESTAMP,FOREIGN KEY(application_id) REFERENCES business_application(application_id)
);
CREATE TABLE sys_approval_log (
 log_id BIGINT GENERATED BY DEFAULT AS IDENTITY PRIMARY KEY,approval_id BIGINT,application_id BIGINT NOT NULL,action VARCHAR(30) NOT NULL,
 from_status VARCHAR(30),to_status VARCHAR(30) NOT NULL,operator_user_id BIGINT NOT NULL,comment VARCHAR(500),operation_time TIMESTAMP DEFAULT CURRENT_TIMESTAMP,
 ip_address VARCHAR(50),created_at TIMESTAMP DEFAULT CURRENT_TIMESTAMP,FOREIGN KEY(approval_id) REFERENCES sys_approval_request(approval_id),FOREIGN KEY(application_id) REFERENCES business_application(application_id)
);

INSERT INTO sys_permission(permission_id,permission_code,permission_name,module_name,permission_type,status) VALUES
 (4,'application:view','查看申请','APPLICATION','API','ENABLED'),(5,'application:create','创建申请','APPLICATION','API','ENABLED'),
 (6,'application:edit','编辑申请','APPLICATION','API','ENABLED'),(7,'application:submit','提交申请','APPLICATION','API','ENABLED'),
 (8,'application:withdraw','撤回申请','APPLICATION','API','ENABLED'),(9,'material:view','查看材料','MATERIAL','API','ENABLED'),
 (10,'material:upload','上传材料','MATERIAL','API','ENABLED'),(11,'material:delete','删除材料','MATERIAL','API','ENABLED'),
 (12,'material:verify','核验材料','MATERIAL','API','ENABLED'),(13,'approval:view','查看审批','APPROVAL','API','ENABLED'),
 (14,'approval:handle','处理审批','APPROVAL','API','ENABLED');
INSERT INTO sys_role_permission(role_id,permission_id) VALUES
 (1,4),(2,4),(2,5),(2,6),(2,7),(2,8),(2,9),(2,10),(2,11),
 (3,4),(3,5),(3,6),(3,7),(3,8),(3,9),(3,10),(3,11),(3,12),(3,13),(3,14),
 (5,4),(5,5),(5,6),(5,7),(5,8),(5,9),(5,10),(5,11),(6,4),(6,9),(6,12),(6,13),(6,14);
ALTER TABLE person ADD COLUMN current_status_code VARCHAR(30) DEFAULT 'PENDING';
ALTER TABLE household ADD COLUMN region_code VARCHAR(20) DEFAULT '110000';
ALTER TABLE household ADD COLUMN version INT DEFAULT 0 NOT NULL;
CREATE TABLE household_member (
 member_id BIGINT GENERATED BY DEFAULT AS IDENTITY PRIMARY KEY, household_id BIGINT NOT NULL, person_id BIGINT NOT NULL,
 relationship VARCHAR(30) NOT NULL, join_date DATE NOT NULL, leave_date DATE, status VARCHAR(20) NOT NULL,
 version INT NOT NULL DEFAULT 0, created_at TIMESTAMP DEFAULT CURRENT_TIMESTAMP, updated_at TIMESTAMP DEFAULT CURRENT_TIMESTAMP,
 FOREIGN KEY(household_id) REFERENCES household(household_id), FOREIGN KEY(person_id) REFERENCES person(person_id));
CREATE INDEX idx_household_region_status ON household(region_code,status);
CREATE INDEX idx_household_member_household_status ON household_member(household_id,status);
CREATE INDEX idx_household_member_person_status ON household_member(person_id,status);
CREATE TABLE residence (
 residence_id BIGINT GENERATED BY DEFAULT AS IDENTITY PRIMARY KEY, person_id BIGINT NOT NULL UNIQUE, household_id BIGINT NOT NULL,
 registered_address VARCHAR(255) NOT NULL, region_code VARCHAR(20) NOT NULL, register_type_code VARCHAR(30) NOT NULL,
 register_date DATE NOT NULL, start_date DATE NOT NULL, status VARCHAR(20) NOT NULL DEFAULT 'ACTIVE', created_by BIGINT,
 version INT NOT NULL DEFAULT 0, created_at TIMESTAMP DEFAULT CURRENT_TIMESTAMP, updated_at TIMESTAMP DEFAULT CURRENT_TIMESTAMP,
 FOREIGN KEY(person_id) REFERENCES person(person_id),FOREIGN KEY(household_id) REFERENCES household(household_id));
CREATE TABLE migration_in (
 in_id BIGINT GENERATED BY DEFAULT AS IDENTITY PRIMARY KEY, application_id BIGINT NOT NULL UNIQUE, person_id BIGINT NOT NULL,
 migration_type VARCHAR(40) NOT NULL, from_region_code VARCHAR(20), from_address VARCHAR(255) NOT NULL, to_region_code VARCHAR(20) NOT NULL,
 to_household_id BIGINT NOT NULL, to_address_snapshot VARCHAR(255), in_date DATE NOT NULL, reason VARCHAR(500) NOT NULL,
 transfer_batch_no VARCHAR(40) UNIQUE, business_status VARCHAR(30) NOT NULL, operator_id BIGINT, executed_at TIMESTAMP,
 version INT NOT NULL DEFAULT 0, created_at TIMESTAMP DEFAULT CURRENT_TIMESTAMP, updated_at TIMESTAMP DEFAULT CURRENT_TIMESTAMP,
 FOREIGN KEY(application_id) REFERENCES business_application(application_id),FOREIGN KEY(person_id) REFERENCES person(person_id),FOREIGN KEY(to_household_id) REFERENCES household(household_id));
CREATE TABLE migration_out (
 out_id BIGINT GENERATED BY DEFAULT AS IDENTITY PRIMARY KEY, application_id BIGINT NOT NULL UNIQUE, person_id BIGINT NOT NULL,
 migration_type VARCHAR(40) NOT NULL, from_region_code VARCHAR(20), from_household_id BIGINT NOT NULL, from_address_snapshot VARCHAR(255) NOT NULL,
 to_region_code VARCHAR(20), to_address VARCHAR(255) NOT NULL, out_date DATE NOT NULL, reason VARCHAR(500) NOT NULL,
 transfer_batch_no VARCHAR(40) UNIQUE, new_head_person_id BIGINT, business_status VARCHAR(30) NOT NULL, operator_id BIGINT, executed_at TIMESTAMP,
 version INT NOT NULL DEFAULT 0, created_at TIMESTAMP DEFAULT CURRENT_TIMESTAMP, updated_at TIMESTAMP DEFAULT CURRENT_TIMESTAMP,
 FOREIGN KEY(application_id) REFERENCES business_application(application_id),FOREIGN KEY(person_id) REFERENCES person(person_id),FOREIGN KEY(from_household_id) REFERENCES household(household_id));
CREATE TABLE residence_archive (
 archive_id BIGINT GENERATED BY DEFAULT AS IDENTITY PRIMARY KEY, original_registration_id BIGINT NOT NULL, person_id BIGINT NOT NULL,
 household_id BIGINT NOT NULL, application_id BIGINT NOT NULL UNIQUE, migration_out_id BIGINT, archive_type VARCHAR(40) NOT NULL,
 archive_reason VARCHAR(500), person_name_snapshot VARCHAR(50) NOT NULL, identity_no_snapshot VARCHAR(50) NOT NULL,
 household_no_snapshot VARCHAR(30) NOT NULL, registered_address_snapshot VARCHAR(255) NOT NULL, region_code_snapshot VARCHAR(20) NOT NULL,
 register_type_code_snapshot VARCHAR(30), register_date_snapshot DATE, start_date_snapshot DATE, end_date_snapshot DATE NOT NULL,
 original_status VARCHAR(30), archived_by BIGINT NOT NULL, archived_at TIMESTAMP NOT NULL, created_at TIMESTAMP DEFAULT CURRENT_TIMESTAMP,
 FOREIGN KEY(application_id) REFERENCES business_application(application_id),FOREIGN KEY(migration_out_id) REFERENCES migration_out(out_id));
INSERT INTO sys_permission(permission_id,permission_code,permission_name,module_name,permission_type,status) VALUES
 (15,'migration:in:create','创建迁入申请','MIGRATION','API','ENABLED'),(16,'migration:out:create','创建迁出申请','MIGRATION','API','ENABLED'),
 (17,'migration:view','查看迁移','MIGRATION','API','ENABLED'),(18,'migration:execute','执行迁移','MIGRATION','API','ENABLED'),
 (19,'migration:archive:view','查看户籍归档','MIGRATION','API','ENABLED');
INSERT INTO sys_role_permission(role_id,permission_id) VALUES
 (1,17),(2,17),(3,15),(3,16),(3,17),(3,18),(3,19),(5,15),(5,16),(5,17),(5,18),(5,19),(6,17),(6,19);

-- phase 04 cancellation workflow
ALTER TABLE household ADD COLUMN household_type VARCHAR(30) DEFAULT 'FAMILY';
CREATE TABLE cancellation_record(
 cancellation_id BIGINT GENERATED BY DEFAULT AS IDENTITY PRIMARY KEY,cancellation_no VARCHAR(40) NOT NULL UNIQUE,application_id BIGINT NOT NULL UNIQUE,
 cancel_object_type VARCHAR(30) NOT NULL,person_id BIGINT,household_id BIGINT,source_household_id BIGINT,cancel_reason_code VARCHAR(50) NOT NULL,
 cancel_reason_detail VARCHAR(500),event_date DATE NOT NULL,new_head_person_id BIGINT,business_status VARCHAR(30) NOT NULL,
 person_name_snapshot VARCHAR(50),identity_no_snapshot VARCHAR(50),household_no_snapshot VARCHAR(30),address_snapshot VARCHAR(255),region_code_snapshot VARCHAR(20),
 operator_id BIGINT,executed_at TIMESTAMP,version INT NOT NULL DEFAULT 0,created_at TIMESTAMP DEFAULT CURRENT_TIMESTAMP,updated_at TIMESTAMP DEFAULT CURRENT_TIMESTAMP,
 CHECK((cancel_object_type='PERSON' AND person_id IS NOT NULL AND household_id IS NULL) OR (cancel_object_type='HOUSEHOLD' AND household_id IS NOT NULL AND person_id IS NULL)),
 FOREIGN KEY(application_id) REFERENCES business_application(application_id));
CREATE TABLE household_archive(
 archive_id BIGINT GENERATED BY DEFAULT AS IDENTITY PRIMARY KEY,original_household_id BIGINT NOT NULL,application_id BIGINT NOT NULL UNIQUE,cancellation_id BIGINT NOT NULL UNIQUE,
 household_no_snapshot VARCHAR(30) NOT NULL,head_person_id_snapshot BIGINT,head_person_name_snapshot VARCHAR(50),registered_address_snapshot VARCHAR(255) NOT NULL,
 region_code_snapshot VARCHAR(20),household_type_snapshot VARCHAR(30),establish_date_snapshot DATE,original_status VARCHAR(30) NOT NULL,cancellation_reason_code VARCHAR(50) NOT NULL,
 cancellation_reason_detail VARCHAR(500),archived_by BIGINT NOT NULL,archived_at TIMESTAMP NOT NULL,created_at TIMESTAMP DEFAULT CURRENT_TIMESTAMP,
 FOREIGN KEY(application_id) REFERENCES business_application(application_id),FOREIGN KEY(cancellation_id) REFERENCES cancellation_record(cancellation_id));
INSERT INTO sys_permission(permission_id,permission_code,permission_name,module_name,permission_type,status) VALUES
 (20,'cancellation:person:create','创建人员注销申请','CANCELLATION','API','ENABLED'),(21,'cancellation:household:create','创建家庭户销户申请','CANCELLATION','API','ENABLED'),
 (22,'cancellation:view','查看注销业务','CANCELLATION','API','ENABLED'),(23,'cancellation:execute','执行注销业务','CANCELLATION','API','ENABLED'),(24,'cancellation:archive:view','查看注销归档','CANCELLATION','API','ENABLED');
INSERT INTO sys_role_permission(role_id,permission_id) VALUES
 (1,22),(1,24),(2,20),(2,22),(3,20),(3,21),(3,22),(3,23),(3,24),(5,20),(5,21),(5,22),(5,23),(5,24),(6,22),(6,24);

INSERT INTO sys_department(department_id,department_code,department_name,region_code,status,sort_no)
 VALUES(6,'APPROVAL_OTHER','外区审批部门','120000','ENABLED',6);
INSERT INTO sys_user(user_id,username,password_hash,role_id,department_id,real_name,status)
 VALUES(8,'approver-other','$2a$10$hqLjVyldvMDp7tlJcpkDZOaTT1dCAuSA5I7FgRfD/B7QXluT8ArB.',6,6,'外区审批人员','ENABLED');


-- phase 05 floating population and residence permit lifecycle
CREATE TABLE floating_registration_application(
 floating_application_id BIGINT GENERATED BY DEFAULT AS IDENTITY PRIMARY KEY,application_id BIGINT NOT NULL UNIQUE,person_id BIGINT NOT NULL,
 source_region_code VARCHAR(20) NOT NULL,source_address VARCHAR(255),current_region_code VARCHAR(20) NOT NULL,current_address VARCHAR(255) NOT NULL,
 residence_reason_code VARCHAR(30) NOT NULL,residence_proof_type VARCHAR(30) NOT NULL,arrival_date DATE NOT NULL,planned_leave_date DATE,
 applicant_phone VARCHAR(20),business_status VARCHAR(30) NOT NULL,executed_floating_id BIGINT,operator_id BIGINT,executed_at TIMESTAMP,
 version INT NOT NULL DEFAULT 0,created_at TIMESTAMP DEFAULT CURRENT_TIMESTAMP,updated_at TIMESTAMP DEFAULT CURRENT_TIMESTAMP,
 FOREIGN KEY(application_id) REFERENCES business_application(application_id),FOREIGN KEY(person_id) REFERENCES person(person_id));
CREATE TABLE floating_population(
 floating_id BIGINT GENERATED BY DEFAULT AS IDENTITY PRIMARY KEY,registration_no VARCHAR(40) NOT NULL UNIQUE,source_application_id BIGINT NOT NULL UNIQUE,
 person_id BIGINT NOT NULL,source_region_code VARCHAR(20) NOT NULL,source_address VARCHAR(255),current_region_code VARCHAR(20) NOT NULL,
 current_address VARCHAR(255) NOT NULL,residence_reason_code VARCHAR(30) NOT NULL,residence_proof_type VARCHAR(30) NOT NULL,arrival_date DATE NOT NULL,
 planned_leave_date DATE,registration_date DATE NOT NULL,eligible_from_date DATE,department_id BIGINT,operator_id BIGINT,status VARCHAR(30) NOT NULL,
 close_reason_code VARCHAR(30),closed_at TIMESTAMP,current_flag TINYINT,version INT NOT NULL DEFAULT 0,created_at TIMESTAMP DEFAULT CURRENT_TIMESTAMP,
 updated_at TIMESTAMP DEFAULT CURRENT_TIMESTAMP,UNIQUE(person_id,current_flag),FOREIGN KEY(source_application_id) REFERENCES business_application(application_id),
 FOREIGN KEY(person_id) REFERENCES person(person_id));
CREATE TABLE residence_permit_application(
 permit_application_id BIGINT GENERATED BY DEFAULT AS IDENTITY PRIMARY KEY,application_id BIGINT NOT NULL UNIQUE,apply_type VARCHAR(30) NOT NULL,
 floating_id BIGINT NOT NULL,permit_id BIGINT,person_id BIGINT NOT NULL,current_region_code VARCHAR(20) NOT NULL,residence_basis_code VARCHAR(30) NOT NULL,
 requested_valid_from DATE,requested_valid_until DATE,business_status VARCHAR(30) NOT NULL,executed_permit_id BIGINT,operator_id BIGINT,executed_at TIMESTAMP,
 version INT NOT NULL DEFAULT 0,created_at TIMESTAMP DEFAULT CURRENT_TIMESTAMP,updated_at TIMESTAMP DEFAULT CURRENT_TIMESTAMP,
 FOREIGN KEY(application_id) REFERENCES business_application(application_id),FOREIGN KEY(floating_id) REFERENCES floating_population(floating_id));
CREATE TABLE residence_permit(
 permit_id BIGINT GENERATED BY DEFAULT AS IDENTITY PRIMARY KEY,permit_no VARCHAR(50) NOT NULL UNIQUE,person_id BIGINT NOT NULL,floating_id BIGINT NOT NULL,
 source_application_id BIGINT NOT NULL UNIQUE,issue_region_code VARCHAR(20) NOT NULL,issuing_department_id BIGINT,issuing_authority VARCHAR(100) NOT NULL,
 issue_date DATE NOT NULL,valid_from DATE NOT NULL,valid_until DATE NOT NULL,last_endorsed_at TIMESTAMP,status VARCHAR(30) NOT NULL,cancellation_reason VARCHAR(500),
 cancelled_at TIMESTAMP,current_flag TINYINT,version INT NOT NULL DEFAULT 0,created_at TIMESTAMP DEFAULT CURRENT_TIMESTAMP,updated_at TIMESTAMP DEFAULT CURRENT_TIMESTAMP,
 UNIQUE(person_id,current_flag),FOREIGN KEY(person_id) REFERENCES person(person_id),FOREIGN KEY(floating_id) REFERENCES floating_population(floating_id));
ALTER TABLE residence_permit_application ADD FOREIGN KEY(permit_id) REFERENCES residence_permit(permit_id);
CREATE TABLE residence_permit_log(
 permit_log_id BIGINT GENERATED BY DEFAULT AS IDENTITY PRIMARY KEY,permit_id BIGINT NOT NULL,application_id BIGINT,action VARCHAR(30) NOT NULL,
 from_status VARCHAR(30),to_status VARCHAR(30) NOT NULL,old_valid_until DATE,new_valid_until DATE,operator_id BIGINT,reason VARCHAR(500),
 operation_time TIMESTAMP NOT NULL DEFAULT CURRENT_TIMESTAMP,created_at TIMESTAMP DEFAULT CURRENT_TIMESTAMP,FOREIGN KEY(permit_id) REFERENCES residence_permit(permit_id));
CREATE TABLE certificate(certificate_id BIGINT GENERATED BY DEFAULT AS IDENTITY PRIMARY KEY,person_id BIGINT NOT NULL,certificate_type VARCHAR(30) NOT NULL,certificate_no VARCHAR(50) NOT NULL UNIQUE,issue_date DATE,expire_date DATE,status VARCHAR(20) NOT NULL,cancel_reason VARCHAR(500),cancelled_at TIMESTAMP,version INT NOT NULL DEFAULT 0,created_at TIMESTAMP DEFAULT CURRENT_TIMESTAMP,updated_at TIMESTAMP DEFAULT CURRENT_TIMESTAMP);
CREATE INDEX idx_certificate_type_status_expire ON certificate(certificate_type,status,expire_date);
INSERT INTO sys_permission(permission_id,permission_code,permission_name,module_name,permission_type,status) VALUES
 (25,'floating:create','创建流动登记','FLOATING','API','ENABLED'),(26,'floating:edit','编辑流动登记','FLOATING','API','ENABLED'),
 (27,'floating:view','查看流动人口','FLOATING','API','ENABLED'),(28,'floating:execute','执行流动登记','FLOATING','API','ENABLED'),
 (29,'floating:close','关闭流动登记','FLOATING','API','ENABLED'),(30,'residence-permit:apply','申请居住证','RESIDENCE_PERMIT','API','ENABLED'),
 (31,'residence-permit:view','查看居住证','RESIDENCE_PERMIT','API','ENABLED'),(32,'residence-permit:issue','签发居住证','RESIDENCE_PERMIT','API','ENABLED'),
 (33,'residence-permit:endorse','签注居住证','RESIDENCE_PERMIT','API','ENABLED'),(34,'residence-permit:cancel','注销居住证','RESIDENCE_PERMIT','API','ENABLED'),
 (35,'residence-permit:log:view','查看居住证轨迹','RESIDENCE_PERMIT','API','ENABLED'),(36,'residence-permit:expiry:view','查看到期提醒','RESIDENCE_PERMIT','API','ENABLED');
INSERT INTO sys_role_permission(role_id,permission_id) VALUES
 (1,27),(1,31),(1,35),(1,36),(2,25),(2,26),(2,27),(2,30),(2,31),(2,35),(2,36),
 (3,25),(3,26),(3,27),(3,28),(3,29),(3,30),(3,31),(3,32),(3,33),(3,34),(3,35),(3,36),
 (5,25),(5,26),(5,27),(5,28),(5,29),(5,30),(5,31),(5,32),(5,33),(5,34),(5,35),(5,36),
 (6,27),(6,31),(6,35),(6,36);

-- phase 06 export security and permissions
CREATE TABLE data_export_request(export_request_id BIGINT GENERATED BY DEFAULT AS IDENTITY PRIMARY KEY,application_id BIGINT NOT NULL UNIQUE,export_module VARCHAR(40) NOT NULL,export_scope VARCHAR(30) NOT NULL,filter_snapshot CLOB NOT NULL,requested_fields CLOB NOT NULL,requested_format VARCHAR(20) NOT NULL,reason VARCHAR(500) NOT NULL,expected_row_limit INT NOT NULL,business_status VARCHAR(30) NOT NULL,generated_export_log_id BIGINT,operator_id BIGINT,executed_at TIMESTAMP,version INT NOT NULL DEFAULT 0,created_at TIMESTAMP DEFAULT CURRENT_TIMESTAMP,updated_at TIMESTAMP DEFAULT CURRENT_TIMESTAMP,FOREIGN KEY(application_id) REFERENCES business_application(application_id));
CREATE TABLE data_export_log(export_log_id BIGINT GENERATED BY DEFAULT AS IDENTITY PRIMARY KEY,application_id BIGINT,export_no VARCHAR(50) NOT NULL UNIQUE,export_module VARCHAR(40) NOT NULL,export_type VARCHAR(30) NOT NULL,requested_by BIGINT NOT NULL,executed_by BIGINT,department_id BIGINT,region_code VARCHAR(20),filter_snapshot CLOB NOT NULL,exported_fields CLOB NOT NULL,row_count INT NOT NULL DEFAULT 0,file_name VARCHAR(255) NOT NULL,stored_filename VARCHAR(255) NOT NULL UNIQUE,storage_path VARCHAR(500) NOT NULL,file_sha256 CHAR(64),file_size BIGINT,status VARCHAR(30) NOT NULL,failure_reason VARCHAR(500),created_at TIMESTAMP DEFAULT CURRENT_TIMESTAMP,completed_at TIMESTAMP,downloaded_at TIMESTAMP,download_count INT NOT NULL DEFAULT 0,version INT NOT NULL DEFAULT 0,FOREIGN KEY(application_id) REFERENCES business_application(application_id));
INSERT INTO sys_permission(permission_id,permission_code,permission_name,module_name,permission_type,status) VALUES
 (37,'sensitive-data:view-full','查看完整敏感信息','SECURITY','API','ENABLED'),(38,'data:export:normal','普通脱敏导出','EXPORT','API','ENABLED'),(39,'data:export:sensitive:apply','申请敏感导出','EXPORT','API','ENABLED'),(40,'data:export:sensitive:execute','执行敏感导出','EXPORT','API','ENABLED'),(41,'data:export:sensitive:download','下载敏感导出','EXPORT','API','ENABLED'),(42,'data:export:log:view','查看导出记录','EXPORT','API','ENABLED'),(43,'system:user:view','查看用户','SYSTEM','API','ENABLED'),(44,'system:user:manage','管理用户','SYSTEM','API','ENABLED'),(45,'system:role:view','查看角色','SYSTEM','API','ENABLED'),(46,'system:role:manage','管理角色','SYSTEM','API','ENABLED'),(47,'system:department:view','查看部门','SYSTEM','API','ENABLED'),(48,'system:department:manage','管理部门','SYSTEM','API','ENABLED'),(49,'system:permission:view','查看权限','SYSTEM','API','ENABLED'),(50,'certificate:view','查看证件','CERTIFICATE','API','ENABLED');
INSERT INTO sys_role_permission(role_id,permission_id) VALUES
 (1,38),(1,42),(1,50),(2,38),(2,39),(2,42),(2,50),(3,37),(3,38),(3,39),(3,40),(3,41),(3,42),(3,43),(3,44),(3,45),(3,46),(3,47),(3,48),(3,49),(3,50),(5,37),(5,38),(5,39),(5,40),(5,41),(5,42),(5,50),(6,41),(6,42),(6,50);
INSERT INTO sys_permission(permission_id,permission_code,permission_name,module_name,permission_type,status) VALUES
 (51,'household:view','查看家庭户主数据','HOUSEHOLD','API','ENABLED'),(52,'household:edit','维护家庭户主数据','HOUSEHOLD','API','ENABLED');
INSERT INTO sys_role_permission(role_id,permission_id) VALUES
 (1,51),(2,51),(3,51),(3,52),(5,51),(5,52),(6,51);

-- phase 09-A administrative regions
CREATE TABLE admin_region(region_id BIGINT GENERATED BY DEFAULT AS IDENTITY PRIMARY KEY,region_code VARCHAR(20) NOT NULL UNIQUE,region_name VARCHAR(100) NOT NULL,parent_id BIGINT,region_level INT NOT NULL,full_name VARCHAR(255) NOT NULL,sort_no INT NOT NULL DEFAULT 0,status VARCHAR(20) NOT NULL DEFAULT 'ENABLED',version INT NOT NULL DEFAULT 0,created_at TIMESTAMP DEFAULT CURRENT_TIMESTAMP,updated_at TIMESTAMP DEFAULT CURRENT_TIMESTAMP,FOREIGN KEY(parent_id) REFERENCES admin_region(region_id));
CREATE INDEX idx_admin_region_parent_status ON admin_region(parent_id,status,sort_no);CREATE INDEX idx_admin_region_level_status ON admin_region(region_level,status,sort_no);
INSERT INTO admin_region(region_id,region_code,region_name,parent_id,region_level,full_name,sort_no,status) VALUES(9001,'110000','示例省',NULL,1,'示例省',10,'ENABLED'),(9002,'110100','示例市',9001,2,'示例省示例市',10,'ENABLED'),(9003,'110101','示例东区',9002,3,'示例省示例市示例东区',10,'ENABLED'),(9004,'110105','示例西区',9002,3,'示例省示例市示例西区',20,'ENABLED'),(9005,'110105001','示例街道',9004,4,'示例省示例市示例西区示例街道',10,'ENABLED'),(9006,'110105001001','示例社区',9005,5,'示例省示例市示例西区示例街道示例社区',10,'ENABLED'),(9007,'120000','外区示例省',NULL,1,'外区示例省',20,'ENABLED');
INSERT INTO sys_permission(permission_id,permission_code,permission_name,module_name,permission_type,status) VALUES(53,'region:view','查看行政区划','REGION','API','ENABLED'),(54,'region:manage','维护行政区划','REGION','API','ENABLED');
INSERT INTO sys_role_permission(role_id,permission_id) VALUES(1,53),(2,53),(3,53),(3,54),(5,53),(6,53);

-- phase 09-B data dictionary
CREATE TABLE data_dictionary(dict_id BIGINT GENERATED BY DEFAULT AS IDENTITY PRIMARY KEY,dict_type VARCHAR(50) NOT NULL,dict_code VARCHAR(50) NOT NULL,dict_name VARCHAR(100) NOT NULL,sort_no INT DEFAULT 0,status VARCHAR(20) NOT NULL DEFAULT 'ENABLED',version INT NOT NULL DEFAULT 0,created_at TIMESTAMP DEFAULT CURRENT_TIMESTAMP,updated_at TIMESTAMP DEFAULT CURRENT_TIMESTAMP,UNIQUE(dict_type,dict_code));
INSERT INTO data_dictionary(dict_id,dict_type,dict_code,dict_name,sort_no,status) VALUES(9101,'CERTIFICATE_TYPE','PASSPORT','护照',10,'ENABLED'),(9102,'CERTIFICATE_TYPE','DRIVER_LICENSE','机动车驾驶证',20,'ENABLED'),(9103,'CERTIFICATE_TYPE','OTHER','其他证件',99,'ENABLED'),(9104,'ETHNICITY','HAN','汉族',10,'ENABLED'),(9105,'HOUSEHOLD_RELATIONSHIP','HEAD','户主',10,'ENABLED'),(9106,'HOUSEHOLD_TYPE','FAMILY','家庭户',10,'ENABLED'),(9107,'MIGRATION_REASON','WORK','工作迁移',10,'ENABLED'),(9108,'CANCELLATION_REASON','DEATH','死亡',10,'ENABLED'),(9109,'FLOATING_RESIDENCE_REASON','WORK','务工',10,'ENABLED'),(9110,'KEY_POPULATION_TYPE','OTHER','其他',99,'ENABLED'),(9111,'CERTIFICATE_TYPE','DISABLED_TEST','停用证件类型',100,'DISABLED');
INSERT INTO sys_permission(permission_id,permission_code,permission_name,module_name,permission_type,status) VALUES(55,'dictionary:view','查看数据字典','DICTIONARY','API','ENABLED'),(56,'dictionary:manage','维护数据字典','DICTIONARY','API','ENABLED');
INSERT INTO sys_role_permission(role_id,permission_id) VALUES(1,55),(2,55),(3,55),(3,56),(5,55),(6,55);
INSERT INTO sys_permission(permission_id,permission_code,permission_name,module_name,permission_type,status) VALUES(57,'certificate:edit','维护通用证件','CERTIFICATE','API','ENABLED');
INSERT INTO sys_role_permission(role_id,permission_id) VALUES(2,57),(3,57);

-- phase 10 key population lifecycle
CREATE TABLE key_population(key_id BIGINT GENERATED BY DEFAULT AS IDENTITY PRIMARY KEY,person_id BIGINT NOT NULL,key_type VARCHAR(50) NOT NULL,management_level VARCHAR(20),register_reason VARCHAR(500),register_date DATE NOT NULL,responsible_department_id BIGINT,responsible_user_id BIGINT,status VARCHAR(20) NOT NULL DEFAULT 'ACTIVE',release_reason VARCHAR(500),release_date DATE,source_application_id BIGINT,version INT NOT NULL DEFAULT 0,active_flag INT GENERATED ALWAYS AS(CASE WHEN status='ACTIVE' THEN 1 ELSE NULL END),remark VARCHAR(255),created_at TIMESTAMP DEFAULT CURRENT_TIMESTAMP,updated_at TIMESTAMP DEFAULT CURRENT_TIMESTAMP,FOREIGN KEY(person_id) REFERENCES person(person_id),UNIQUE(person_id,key_type,active_flag));
CREATE INDEX idx_key_population_query ON key_population(key_type,status,management_level,register_date);
CREATE TABLE key_population_application(detail_id BIGINT GENERATED BY DEFAULT AS IDENTITY PRIMARY KEY,application_id BIGINT NOT NULL UNIQUE,operation_type VARCHAR(20) NOT NULL,record_id BIGINT,person_id BIGINT NOT NULL,population_type VARCHAR(50) NOT NULL,attention_level VARCHAR(20) NOT NULL,reason VARCHAR(500) NOT NULL,event_date DATE NOT NULL,responsible_department_id BIGINT,responsible_user_id BIGINT,business_status VARCHAR(30) NOT NULL,version INT NOT NULL DEFAULT 0,created_at TIMESTAMP DEFAULT CURRENT_TIMESTAMP,updated_at TIMESTAMP DEFAULT CURRENT_TIMESTAMP,FOREIGN KEY(application_id) REFERENCES business_application(application_id),FOREIGN KEY(record_id) REFERENCES key_population(key_id),FOREIGN KEY(person_id) REFERENCES person(person_id));
CREATE TABLE key_population_history(history_id BIGINT GENERATED BY DEFAULT AS IDENTITY PRIMARY KEY,record_id BIGINT NOT NULL,person_id BIGINT NOT NULL,event_type VARCHAR(30) NOT NULL,previous_status VARCHAR(20),new_status VARCHAR(20) NOT NULL,reason VARCHAR(500),source_application_id BIGINT NOT NULL,operator_id BIGINT NOT NULL,occurred_at TIMESTAMP DEFAULT CURRENT_TIMESTAMP,snapshot_json CLOB NOT NULL,UNIQUE(source_application_id,event_type),FOREIGN KEY(record_id) REFERENCES key_population(key_id),FOREIGN KEY(person_id) REFERENCES person(person_id),FOREIGN KEY(source_application_id) REFERENCES business_application(application_id));
INSERT INTO sys_permission(permission_id,permission_code,permission_name,module_name,permission_type,status) VALUES(58,'key-population:view','查看重点人口','KEY_POPULATION','API','ENABLED'),(59,'key-population:apply','申请重点人口业务','KEY_POPULATION','API','ENABLED'),(60,'key-population:execute','执行重点人口业务','KEY_POPULATION','API','ENABLED');
INSERT INTO sys_role_permission(role_id,permission_id) VALUES(1,58),(2,58),(2,59),(2,60),(3,58),(3,59),(3,60),(5,58),(6,58);
